"V1","V2","V3","V4","V5","V6","V7","V8","V9","V10","V11","V12","V13","V14","V15","V16","V17","V18","V19","V20","V21","V22","V23","V24","V25","V26","V27","V28","V29","V30","V31","V32","V33","V34","V35","V36","V37","V38","V39","V40","V41","V42","V43","V44","V45","V46","V47","V48","V49","V50","V51","V52","V53","V54","V55","V56","V57","V58","V59","V60","V61"
510,1.03216427283866,1.02964821856492,0.994036681795272,1.02286344745421,0.998588050435466,1.04472137534233,0.996300731840789,1.10304584728063,0.994957426207344,1.0113796186246,1.00020414523875,1.01304205843222,1.00608728144904,0.999678196844751,1.00210399762937,1.00430621501436,0.999578054140223,0.992389013059108,0.992333413002871,0.989963862364164,0.998037590088719,1.01406914943314,1.00902551079062,0.995915979669398,1.01419300759416,0.995297033741962,0.994978869157116,0.993748708530698,0.992104215385256,0.986664261737181,1.00399417466013,1.0144597572629,1.02059336778894,0.9873947774142,0.996598543488489,0.996137162279926,1.01116639266999,0.99591108215282,1.0050524338507,0.996747428195595,1.00963426491613,0.993263276158323,0.992302076315991,1.00059548288127,1.01945144867643,0.989333958792728,1.00089323310964,1.02024729568877,1.00944392151538,1.00500952947816,1.01479742185013,1.01088095062342,1.01449256309454,0.998405865448733,0.99333953445564,0.987145413115118,0.989497920448209,1.00705320349759,0.997963635111132,0.997683886492802
700,1.04648681640044,1.02998575630819,1.01444502312299,1.01046700371305,1.00046657915584,0.993300648104511,0.996343977185953,1.07431250551047,1.00245131714572,1.00149463445184,1.00513630962206,0.99556465477337,1.00076679967749,1.00167370431321,0.992558295734867,0.991436825950673,1.00152170583654,1.0021292690796,0.995675440199853,1.00654856482349,0.99827819065123,0.992149409207811,0.997698989213471,1.00787277987817,0.998136745355212,1.00836909471007,1.00243257688479,0.995792734802266,1.00019191088427,0.998804952608942,0.994864597202438,0.992764530336292,0.994117760361229,1.00171129803386,0.998396740716037,1.00752676665363,1.00026140125725,0.998202002033215,0.995604502950866,0.996346683710202,0.994224654194957,1.00331549231454,1.00023110747798,1.00204993728456,0.996119177123656,0.996789229892056,0.993865674827783,0.99864497936574,0.993595296254997,0.99595129597105,0.994020058582015,1.00166872798854,0.99481870296599,1.00091523741128,0.99967384121143,0.998736042456693,0.996590858290953,1.00288389662788,0.999831736601662,0.994820234002949
890,1.01171957432836,1.00640548964837,1.0031412314273,1.02459352096444,1.00099133917325,1.00087416474585,0.998471169671761,1.02654228404204,0.995978130046113,1.00548569264708,1.00927565499078,1.00302661314392,1.0039285885861,1.00637269351455,0.998916268234651,0.997969426741908,1.00585283515414,1.00994249827171,1.00376271796139,1.00893781999069,1.00393393640201,0.997816714395754,1.00250020058381,1.00908153047102,1.00314555469265,1.00948939908698,1.00614014845497,1.00488435842463,1.00511711840182,1.00572710999844,1.00141247477591,0.998430583389729,0.998623054398266,1.00562340042521,1.00253325534057,1.00829973355355,1.00211218102797,1.00361511554623,1.00486887299119,1.003404571794,0.99870713959209,1.00615631894404,1.00600635786706,1.00588157464845,1.00114674929013,1.00521391753774,1.00085796504302,1.00349973947775,1.00010333758332,1.00118017841462,0.999512296151006,1.00529016323896,0.999472591593285,1.00512520774395,1.00776397646108,1.00707622138983,1.00536916730304,1.00701444025063,1.00521508996182,1.00300420925595
1080,1.0045798232121,1.01094176597244,1.00258420262161,1.00820691497524,1.0063997458762,1.01642868129134,0.99897840206824,1.02285345868267,0.997803216754417,1.00805174487257,1.00393126311467,1.0125288723359,1.00787086194937,1.00471778461222,1.0046136686699,1.00488304077056,1.00650092546619,0.999230018909851,1.00423127712664,1.00424814289805,1.00496866567,1.00795170997384,1.00689752472037,0.997870780724611,1.00979580095282,1.00615048319482,1.00623394821381,1.00488411822753,1.00423395212648,1.00024619824441,1.00655773759317,1.00782052936884,1.00927000789402,0.997825294131827,1.00523979186502,1.00596049293048,1.0089018215847,1.00561256887979,1.00040033421223,1.00424847631671,1.00710634917395,1.00549764342037,1.00461048569242,1.0067956421448,1.01043214002923,1.00314863315107,1.00538048781714,1.01076437898751,1.00774911246616,1.00614529499665,1.00816348410067,1.0083871168259,1.00813908269548,1.00583970186586,1.00404590187405,1.00125692930075,1.00333902460709,1.00681963247198,1.00499246402805,1.00558825423124
1270,1.00892941591262,0.999333425494106,1.00918939738554,1.00121555966378,1.00759030081771,1.02094451929478,0.997612894550277,1.01709831199277,1.00063747232495,1.00211356352144,0.999574216600682,1.00912733868509,1.00271342454028,1.00021687069691,1.00218937247867,1.00480038545491,1.00055273882083,0.996317402994499,0.999161521330054,0.999231527692361,0.999377570181144,1.00573558794787,1.00294283130832,0.995859436965375,1.00321357855941,1.00078338111701,1.00013645357909,0.998969084676632,0.999658121677584,0.997790957218403,1.00212753830166,1.0054280561843,1.00673411343852,0.997313053659621,1.00335676919696,0.999941078782638,1.00438445556377,1.00187935142525,1.004550522903,0.999138997780623,1.00387923775586,1.00055990821805,0.998657841823836,1.00133709737381,1.00555330989239,0.998164733608249,1.00142224675539,1.00584560518598,1.00375739083341,1.0026081049378,1.00432599229824,1.00365153543637,1.00515166281217,1.00004220523035,0.997248843292677,0.997762226667374,0.997900241972602,1.00073727424775,0.998877513509435,0.999612288031562
1460,1.00959138159732,0.996750453708407,1.00688979365433,0.998929880642086,1.00380299453501,1.01245473631057,0.996349416960436,1.01682597767383,1.00107132058503,1.00451875761921,0.999573905848036,1.0058366514161,1.0042906583606,1.00147824935431,1.00154862423884,1.00247631025767,1.00263209152833,0.997034884281856,1.00072067019179,0.999765560899502,1.00158694620324,1.00452558853464,1.00377125499146,0.996900565391905,1.0058439485089,1.000976035769,1.0021540151784,1.00104679822227,1.00120036769302,0.998139478179619,1.00319219100588,1.00479520548057,1.0063049704314,0.997152198030846,1.00277567860428,1.00125932695518,1.00492811419704,1.00243272285182,1.00535109845668,1.00078208017236,1.00333727884349,1.00185955037763,1.00116097538655,1.00239518574302,1.00695584411057,0.999966406127125,1.00198637151822,1.00753797945804,1.00473625262051,1.00336361341618,1.00495593698497,1.00413298641595,1.00506727149142,1.00221541427741,1.00002977534852,0.998527352681604,0.999860837616605,1.00290546310509,1.00136994807692,1.00152905027367
1650,1.00395214463962,0.998944592782317,1.00187411984242,1.00453629759828,1.00203140718347,1.01242110322522,1.00287964550158,1.00305326928937,0.997734278793202,0.999817241459345,0.997937865827331,1.00449195915282,0.999622288274316,0.999620822385155,1.00201404097583,1.00241341175684,0.999504163116561,1.00384919997483,1.00245077542277,1.00105803221484,1.0006628990138,1.00433411139634,1.00075081635844,1.00256378768101,1.00371389627977,0.999690277529174,0.99968732069638,1.00239965873469,1.00040700493417,1.0031256250538,1.00146702825468,1.00275524299274,1.00427142813698,1.00296366254671,1.00080334940277,0.999063505858257,0.999938519816025,1.00081690819307,1.00026094380193,1.00244496549506,1.00408001730469,0.999946394235823,1.0004054709993,0.999131294650488,1.00435482593005,1.0028343997056,1.00278115202568,1.00415786002794,1.0024967563285,1.00092520802552,1.00281130964303,0.999801433488286,1.00203598593184,0.999790976468985,1.00304344195101,1.00408549002082,1.00262601237965,0.999019032587127,0.999736469580329,1.0024386775618
1840,1.00268402953184,1.00158844912363,1.00750513043251,1.00322521399775,1.00697994121691,1.00927855215728,0.999825775283343,1.00097106691604,1.00219982545604,1.00365342774903,1.0034314607862,1.00876199749906,1.00370219099311,1.00415842423836,1.00740607027913,1.00724000951594,1.0036409286596,1.00602924759007,1.00800506023235,1.00315287384326,1.00599503923948,1.00864600199296,1.00521872632062,1.00649241873079,1.0079164764451,1.00116826300386,1.00415146388346,1.00806062922224,1.00518373034126,1.0061319135527,1.00672434458352,1.00695013134731,1.00827207641469,1.00551070971199,1.00549204441985,1.00136260347127,1.00299907883789,1.00575881375314,1.0052059109947,1.00817917853168,1.00899178231124,1.00387322012878,1.00525751766173,1.00231776216859,1.00827288509466,1.00787484239353,1.00840473376834,1.00729154218491,1.00756986699326,1.00602166535167,1.00730466081877,1.00204462051394,1.00611635922325,1.00438509868521,1.00841959838498,1.00717248012394,1.00782740530026,1.00254174689799,1.00459937524068,1.00827620975781
2030,1.00280260508877,1.00851556899688,1.0087807462082,1.00344220042629,1.00811910407732,1.00941393287022,1.00764991626288,1.00611407481915,1.00528173991299,1.0008778587659,1.00168870643374,1.00552085151002,1.00214265049399,1.00220050074741,1.007309443486,1.00736707300138,1.00211296931388,1.00924056967422,1.00861189653522,1.0037872547698,1.00442710375172,1.00755033360924,1.00291773442957,1.0086968587885,1.00385664855012,1.00136259085236,1.00335512943499,1.00849724282401,1.00499620213615,1.00938142429219,1.00498171891817,1.00495445789348,1.0050981174007,1.00971501828455,1.00507333182352,1.00118484876017,1.00217931178227,1.00528102194207,1.00418435654672,1.00802882834799,1.00743361309771,1.00357726811209,1.00472722420657,1.001249118023,1.00430624158106,1.00917644639276,1.00793980781908,1.00292146698781,1.00569191551451,1.00434010260408,1.0048158054179,1.00153891244498,1.00358577366527,1.00283596151991,1.00849865648735,1.01023040752488,1.00904757525629,1.00041750684026,1.00297372101959,1.00788881339793
2220,1.00271865386506,1.00696871599959,1.00570183243799,1.00677138296759,1.00335858099799,1.00739179020812,1.00374520749028,1.00606434180822,1.00800041949461,1.00345167224702,1.00657369679788,1.0069545306743,1.00560072412212,1.0045704033662,1.00765888171198,1.00786116982828,1.00562844133763,1.009953883849,1.00919990273973,1.00380453875761,1.00685177460025,1.00818586884123,1.00496388708537,1.01010022066191,1.00499322992343,1.002134778041,1.00593678903868,1.00965008492263,1.00658097758678,1.00810425553827,1.00708383666634,1.00663696381447,1.00526914557393,1.00849791013701,1.00617943370928,1.00336939890894,1.00520285710898,1.00701334933058,1.00135706755432,1.00896956142912,1.00703153114108,1.00514757302186,1.00696081922133,1.00430706579732,1.00500062957469,1.00936644805527,1.00872842914087,1.00332212232655,1.00807313287199,1.00679280881936,1.00616470235638,1.00357762472209,1.00537513298135,1.00598410109234,1.00999507405318,1.009147613663,1.00938298133425,1.00332469445689,1.00589751958473,1.00918106662502
2410,1.00270531102373,1.00813854957016,1.00035949751617,1.00589814098893,1.00440874024881,1.01575078563142,1.00366554136979,1.00892480628905,1.00869217572633,1.00465582017197,1.00893460710593,1.01066897488527,1.00733695094924,1.00446850580959,1.01170016249529,1.01309539689769,1.00670231926588,1.00511075882786,1.00962403788573,1.00291584193132,1.00844330498292,1.01527909840788,1.00766187195281,1.00516405077512,1.00889766801916,1.00221674411279,1.00683087141764,1.01020339262363,1.00689413624357,1.00452321537156,1.0109589648318,1.01273243255314,1.0113103623113,1.0038063997901,1.00841885939441,1.00342127591279,1.00691267423334,1.00887726710411,1.00580859743564,1.00989123309041,1.01237724775172,1.0057502648228,1.00704919230256,1.00504463668588,1.01011010980454,1.00796475746827,1.01198857229307,1.00705168544746,1.01345548924702,1.0102030681662,1.01182838872856,1.00413903982848,1.00998644064272,1.00731831210845,1.00857413945714,1.00521451417139,1.00818836749,1.00384091399624,1.00688926574292,1.01125676324221
2600,1.00324511000145,1.00707853649816,1.00258812653507,1.00387306912028,1.00369431088415,1.01491194772197,1.00216642391899,1.00584168235234,1.01185803197839,1.00660898203522,1.00944681720775,1.01097531730333,1.00894822190841,1.00523617806544,1.00955414087329,1.01046876924381,1.00816050234907,1.00627294398259,1.00880058962888,1.00587882086731,1.00866832114797,1.01283932423797,1.00786812508046,1.00463329129836,1.0089198355717,1.00536766719701,1.00847795739411,1.00942910919986,1.00756424949839,1.00524244717916,1.01021068068948,1.01126495207326,1.01031960794057,1.00433596742979,1.00817068758301,1.00648254874892,1.00859183766996,1.00886852603133,1.00485533215056,1.00868453854307,1.01015072679316,1.00749931708442,1.00801039663274,1.00695839419278,1.00984918545867,1.0077936256762,1.01005706470115,1.00748312678456,1.01235812249807,1.00978846083263,1.01086684812943,1.00593546437498,1.00961027156869,1.00860008563721,1.0084317400172,1.00631497238108,1.00809649627799,1.00596072968134,1.00784950460992,1.01013457075934
2790,1.00423204352761,1.00285537104106,1.00512305021398,1.00481801972733,1.00033842976649,1.01122683813268,1.00181191401193,1.00248885788694,1.00347192164381,1.00196917982079,1.00211647231551,1.00396685753525,1.0028872125948,1.00015100608644,1.00187742676135,1.00264739027746,1.00191005844708,1.00138960845727,1.00048291740409,1.00195817007719,1.00125472233539,1.00493220493428,1.00211511114119,0.999671662314724,1.00269313041794,1.00214556625924,1.00169974744721,1.00075823703962,1.00072393378352,1.00039423306649,1.00255369427071,1.00426888777314,1.00443996725663,1.00030786604271,1.00127227431635,1.00224924448032,1.00352341403492,1.00136334677848,1.00110961979938,1.00048425048346,1.0029738887435,1.00148712752911,1.0008482569687,1.00202851999881,1.00368881457903,1.0000087233015,1.00184991962131,1.00263938070392,1.00402484935002,1.00241757237358,1.00397759621425,1.00262238037904,1.00367309012614,1.00167608955284,1.00005658027841,1.00066174883549,1.00010632112074,1.00152775002629,1.00115075559454,1.00143527151724
2980,1.0031378840619,1.00138905133265,1.00462946713035,1.00606037115834,0.999828353610657,1.00961062647317,1.0028687692975,1.00150620840697,1.00703359686111,1.00377491288832,1.00602622281731,1.00702777226751,1.0045314512525,1.00103370432873,1.00368813198521,1.00412730086467,1.0032795207816,1.00040408967224,1.00201190236604,1.00014159800961,1.00313802593063,1.00676763107078,1.00364720309178,1.00030267222422,1.00523586416563,1.00114832567816,1.00297618001351,1.00272722367694,1.00152222443248,0.998762020413685,1.00445393778969,1.00585683190668,1.00598545973327,0.998420897804598,1.00227835359124,1.0023519464905,1.00502213824413,1.00267769282935,1.00527914014295,1.00266719723939,1.00491685971189,1.00209217494383,1.00202504880343,1.0029691384032,1.00576106630496,1.00098881211797,1.003751869245,1.00458918532052,1.00626996875737,1.00430036648262,1.00598669252396,1.00343592359844,1.00505078505893,1.00333926363647,1.00236264419845,0.999434661631383,1.00128070647667,1.00294513222387,1.00281522877266,1.00372194190966
3170,1.00498773908752,1.00249122475811,1.00349543414978,1.0043543591286,1.00141465661073,1.00859718900637,1.00145772087611,1.00376497122848,1.00925541157749,1.00710649461476,1.00863414168691,1.00705780618451,1.00748531746627,1.00351147676375,1.00629192251326,1.00678858218701,1.00602685987561,0.999747376818512,1.00395311282982,1.00034358686846,1.00577130588388,1.00901851976209,1.00686406800542,1.00036826889865,1.00807290182205,1.00162835801833,1.0051204292717,1.00459274273837,1.00339687970329,0.999064819568959,1.00740788131838,1.00895726144899,1.00889804964105,0.998473776567194,1.00500361336403,1.00346909830285,1.00811879065031,1.00513964376902,1.00977983610226,1.00471955880418,1.00719862217111,1.0039969460551,1.00417346740396,1.00555328947311,1.00850526887007,1.00233660496641,1.00607685483354,1.00740512320456,1.00912385538127,1.00714738318317,1.00878281423761,1.00641747117621,1.00844968956177,1.00590179785861,1.00386688553733,0.999623415916029,1.00271937164367,1.00584135898474,1.00534274601421,1.00587778739411
3360,1.00786914510416,1.00105477423098,1.00667865273957,1.00263180061355,1.0025776151346,1.01062143928375,1.00317125181936,1.00771361856724,1.00915184982745,1.0084689251773,1.00924831784952,1.00766707362733,1.00930228336371,1.00413684667173,1.0063651862251,1.00736302398536,1.0072819938905,0.99851773335887,1.00351996351481,1.00063002038327,1.00593160366071,1.00947929439538,1.00810941517423,0.999265228084396,1.00803727939744,1.00287479039703,1.00588830561589,1.00389509422149,1.00379617789432,0.998627670903696,1.00793124923302,1.01029369024242,1.01006348735752,0.998304966685775,1.00619178220973,1.00485646817776,1.0108844766614,1.00585207792191,1.01030667232853,1.00414654204581,1.00723047512693,1.00485909014673,1.00437050717789,1.00736915123931,1.00900526032014,1.00169240824288,1.00595426579928,1.00763090549596,1.00987550930721,1.00820518706901,1.00951708079575,1.00886854413047,1.01030700515673,1.00681649263655,1.00267330987217,0.99887988732184,1.00199243016855,1.00705994057563,1.00575012022785,1.00536218174794
3550,1.00381959224224,1.00094131899103,1.01031161006874,1.00350740472244,1.00156148686868,1.01205679681594,1.0040223152445,1.00582724739778,1.00509425115126,1.00716664862107,1.00725838907705,1.0032420677458,1.00769267348811,1.00259714630281,1.004846564227,1.00591924920091,1.00536557199828,0.998793523042742,1.00162344059217,0.999808263190871,1.00394787963179,1.00877907409455,1.00666748654914,0.998863742941215,1.00699625486103,1.00145265863567,1.00379811313289,1.00196363644087,1.0019659864151,0.998758394407625,1.0063071721235,1.0093127091321,1.00941889751978,0.999017030183661,1.00411925378661,1.00316728982492,1.00976924405253,1.00372852125192,1.00976261262054,1.00242565387652,1.00650365432465,1.00281437015031,1.00244931851692,1.00557680864786,1.00807253085794,1.00011292662649,1.0043256164084,1.00668427357526,1.00845310954074,1.00660351584353,1.00833611115666,1.007832835302,1.00927202789856,1.00478775321039,1.0009186611239,0.998731986940488,1.00034814261422,1.00559439034403,1.00383322617169,1.00342023935511
3740,0.999231713886656,1.00025133455478,1.00993081569042,1.00207459005464,1.00091091363455,1.00930825710089,1.00274333628194,1.00424904307653,1.00484703242311,1.00841784264936,1.00705092604758,1.00330003810772,1.00843991701708,1.00377058658099,1.00520531696418,1.00574702566753,1.0063334005809,0.998371123415936,1.0023984243656,0.999775117061436,1.00502571714107,1.00856532809291,1.00751689394405,0.99899700126762,1.00834669523356,1.00157136134872,1.00450020440931,1.00289710800835,1.00257319804797,0.99861020408672,1.00703931553897,1.00917489498501,1.00941158926763,0.998454958927161,1.00425046765548,1.00357416099473,1.01007632125668,1.00425003346405,1.01100833686444,1.00336674548394,1.00682696465772,1.00326998844249,1.00321345281397,1.00635926871877,1.0089393653148,1.00079052101065,1.00490672295471,1.00804111273948,1.00881223222421,1.00709104301947,1.00883699535004,1.0086714376078,1.00935324257146,1.00559595833118,1.00194628564938,0.998714710245551,1.0010683712924,1.0069367579046,1.00494856943867,1.00435345930302
3930,0.999394514711288,1.00005879576241,1.00697645803533,1.00186838848194,0.99911860529826,1.00800087074978,1.00555519444926,1.00311866868285,1.00349759034714,1.00827610923652,1.00508144056439,1.00182702821713,1.00758167039601,1.00357443743654,1.00275094139976,1.00298880184594,1.00570264199083,0.999235933428912,1.00114827605045,1.0001430062495,1.00377305969852,1.00545514238301,1.00654069837123,0.999423646948958,1.00674634394629,1.00186652512932,1.00370701708862,1.001514196117,1.00189359072426,0.998978029704353,1.00495052221983,1.00666398468423,1.00747493003481,0.998828266669731,1.00254259512693,1.00382743237549,1.00922141783277,1.00273210318529,1.00677336619881,1.00188478186036,1.00433525461336,1.00266779082352,1.0026164319708,1.00605591872433,1.00730795697381,1.00027231176727,1.00262033945877,1.00739923759642,1.00597165738653,1.00514622238787,1.00656151762899,1.0090957711961,1.00756949305849,1.00476965589026,1.00135077899694,0.999223614321796,1.00055626267311,1.00732582223577,1.00420126545855,1.00231764142136
4120,1.00175653353274,1.00051540475045,1.00728103781916,1.00316564784265,0.99856685887302,1.00752686304868,1.00711707319805,1.00551054052936,1.00451796668949,1.00815088674113,1.00593181737528,1.00177825671585,1.00721225840897,1.00318181111202,1.00238126412393,1.00270958762975,1.00501493559161,0.999324911419079,1.00035480674436,0.999540221573629,1.00305196221144,1.00511019741703,1.00605624512094,0.999560042419819,1.00631107308419,1.00140471902983,1.00295268984645,1.00077120990549,1.00114750803854,0.998378066841626,1.00440745694031,1.00633748094313,1.00709193411097,0.998334807745509,1.00190048279291,1.00340882659567,1.00909290896507,1.00204336235007,1.00651382377683,1.00127605773154,1.00395284358388,1.00193100878101,1.00184300980133,1.00569639771288,1.00685260783596,0.999518374798527,1.00214784347113,1.00711326350268,1.00543712084314,1.00468730294624,1.00620102151321,1.00910066934129,1.00724750829453,1.00407049551897,1.00068447695034,0.998702153137086,0.999771997403239,1.00704136044605,1.00354905237244,1.00171485202433
4310,1.00039044964143,1.003501490825,1.00690678148751,1.00102271769644,0.999931032828514,1.00630166140456,1.00548359181348,1.00497455930277,1.00340914351185,1.0062642158834,1.00469091503658,1.00117762444601,1.00557736470945,1.00199916017967,1.00153977255421,1.00186386082969,1.00376886388392,0.99916727942806,1.0001378073837,0.999257154578265,1.00209971947155,1.00355884103175,1.00449441855902,0.999351134577157,1.00455792929531,1.00077634194692,1.00218389750485,1.0003509734249,1.0007216264564,0.998752432780719,1.00303527861638,1.00468406703177,1.00526117975697,0.998739100820834,1.00161291846482,1.00250587593391,1.00745959434736,1.00156742302749,1.00541817005221,1.00056406145658,1.00250946442425,1.00144365101045,1.00119066480365,1.00440082940229,1.00497455213486,0.999540308566539,1.00128176212874,1.00512691057877,1.00405888402855,1.00349447140323,1.00445906408958,1.0072704426624,1.00558003592833,1.0029934327183,1.00011901362511,0.998955466194692,0.999696978803504,1.00534828657329,1.00242104937784,1.00103187887114
4500,1.00068515984679,1.0012430056981,1.00416975399377,1.00068042882224,1.00001971036053,1.00143873279293,1.00594952358924,1.0117483894714,1.00229968929371,1.00361965539913,1.00263615161662,0.999956842375592,1.00322893054909,1.00085257266232,0.999589420893765,0.999637147385116,1.00221078590851,0.999348424344723,0.999427594451032,1.00008222275622,1.00054757225902,1.00003324870192,1.00186181362881,0.999488276247786,1.00125441411773,1.001576049556,1.00144551340161,0.999438478348727,1.00037892469017,0.999346319149974,1.00052893699482,1.00109240377709,1.00131659602691,0.999324144724652,1.00063802817162,1.00266380208479,1.00469605449545,1.0005335790258,1.00603632973395,0.999333453586988,0.999662976161245,1.00122726591601,1.00059510104361,1.00312268557206,1.00132060339184,0.999367304751195,0.999430837091202,1.00179826275822,1.00079233318281,1.00109376758014,1.00100028066453,1.00492133011012,1.00210789605288,1.00157623302954,0.999385322824314,0.999424802961341,0.999435951748555,1.00337760177404,1.00108548693718,0.999506068706951
4690,0.99955069415615,1.0031842090859,1.00449969913682,1.00078184149403,1.00007869459572,0.999626787543004,1.00546620469514,1.00920336147229,1.00193780375447,1.00341614522897,1.00278274212099,1.0008333800502,1.00275858236364,1.00136193213502,0.99972027036032,0.999599828636993,1.00213405734308,0.999832475445139,0.999842106966015,1.00028480700605,1.00063900420075,0.999549862693567,1.00175482548281,1.00026209391867,1.00091034067239,1.00143605761118,1.00128571670357,0.999829535906183,1.00061310479382,0.999978196323458,1.00042670493168,1.00059705101619,1.00076046323105,0.99994172829855,1.00056253587327,1.002353481971,1.00380504641853,1.00050784474818,1.00505259957112,0.999734392024559,0.999479119191073,1.0011335843151,1.0008260443827,1.00286348453816,1.00083762050895,0.999877163009943,0.999565536611221,1.00148912981214,1.00036477385531,1.00087138960438,1.00054904914251,1.00460352586731,1.00159522636849,1.00148353077236,0.999876616819561,0.999935379766706,0.999930922340695,1.00338453331041,1.00119339638985,0.999699100707598
4880,0.998936251535251,1.00508654644036,1.00254006185944,1.00051021625473,1.00010946643157,0.999583333759854,1.00370814777091,1.0085495659123,1.00027485764756,1.00116571685079,1.00110357996301,0.999820564432773,1.00062220766311,0.999894615231611,0.998787355144409,0.998695439507586,1.00028406789252,0.999501429499876,0.999153038828414,0.999632107808271,0.999279461173336,0.998641554052691,0.999975200060894,0.999578151922903,0.999593664866032,1.00029712667745,0.999872741653274,0.999104524330127,0.999603622071703,0.999779570620033,0.999113129986969,0.99920321529316,0.999490355753412,0.999609251060845,0.999500809779592,1.00071063559847,1.00127843813621,0.999379393460844,1.00208245069897,0.998917722450094,0.998671971892354,0.999965456738322,0.999651100427909,1.00085761137225,0.999576393866848,0.999364104845616,0.998678672192384,1.00015383110206,0.998997634804867,0.99935332912634,0.999189407819663,1.0020537743914,0.999826526755271,0.999860801145882,0.999140590013455,0.999677185006512,0.999346659452251,1.00112632129625,0.99966663276439,0.998848759131552
5070,0.998824334360689,1.00593803231046,1.00187464277988,1.00011938691173,0.99931382220288,0.999733697287412,1.00284258233686,1.00559044933784,1.00102076520927,1.00073691129064,1.00144747469139,1.00025921422898,1.00031151767512,1.00014573342291,0.998997586226154,0.998835221398096,1.00020766936205,1.00009834192863,0.999439765526747,0.999756283902418,0.99947804250944,0.998883111957684,0.999961986088935,1.00045705623979,0.999656403083859,1.00021240400662,0.999827437392266,0.999453950308203,0.99971017562813,1.00003306632792,0.999268254557715,0.999279709663024,0.999528970557483,0.999996842257442,0.999372104084893,1.00054337432045,1.00070821914486,0.999400367062255,1.00121899148212,0.999351139506897,0.999022035415116,0.999886087681743,0.999780089289278,1.0005997445709,0.999598297693318,0.999691153006524,0.998970608756051,1.00011840318178,0.999082575095216,0.999396258854062,0.999305059216734,1.0014476702809,0.999728567114643,0.999892585037802,0.999675439025375,0.999956468744957,0.999676421453726,1.0008325259421,0.999798547577568,0.999180385374967
5260,0.998662446930949,1.0038583030443,0.999714653168293,0.999882185289806,0.999708777929427,1.00033479621728,1.00335999369618,1.00563791059101,1.00114109225682,1.00058471874914,1.00126155672733,1.00021950087307,1.00042379627349,0.999897825192834,0.998984640258745,0.998962583935334,1.00019175127422,0.999851320575935,0.999163108539494,0.999937195396679,0.999306985815071,0.999021897239575,0.999942747386389,0.999940672910752,0.999407490474,1.00069864220213,0.999867144337693,0.999141071821517,0.999634185516138,0.999676716453968,0.999213117582033,0.999455007958171,0.99962144039132,0.999600143454892,0.999534547116375,1.00088583286249,1.00098928473766,0.999428339934771,1.0020894381358,0.999049756490095,0.998980601964128,1.0000053890476,0.999608256067758,1.00075942156394,0.999467315080711,0.99932563627748,0.998865540147352,0.999834349607072,0.999161796216398,0.999466752158305,0.999316096010367,1.00162978242859,0.999898522354839,0.999815739347624,0.999190032494965,0.999628214077916,0.999300450796395,1.00064497627337,0.999639511291065,0.998965282747984
5450,0.999364713357867,1.00510370828918,1.00033924884735,0.999987790235164,0.999557335795615,1.00064701892973,1.00392922010138,1.00912560714842,1.00136229225733,1.00038786896336,1.00083430847571,1.00012328197984,1.00024646431512,0.999670060406952,0.998864876487274,0.998850241536728,0.99996208749267,0.999762136155832,0.998953675924689,0.999890837141495,0.999092827174889,0.999105917832505,0.999786252138024,0.999912333757365,0.999448263384092,1.00066751359462,0.999690226276991,0.998953729121307,0.999371225629332,0.999468188262734,0.999089514048085,0.999406202625949,0.999714515374357,0.999457894533366,0.999279295413878,1.00079988147346,1.0008101752441,0.999181560376125,1.00254527987311,0.998909222999665,0.999098427181043,0.999819310661642,0.999359660352995,1.00051737824482,0.999550355313432,0.999100678286991,0.998770968127116,0.999896809632611,0.999078038402395,0.99928659482989,0.99931882958587,1.00136388492757,0.999807417908241,0.999606941004306,0.999051848604326,0.999447101753995,0.999080957920917,1.0003847290482,0.999398773149484,0.998821920092365
5640,0.999845361924824,1.00331155286191,1.00005276038771,1.00095996027172,0.999612425908553,1.00071626078841,1.00393194591152,1.00671282134766,1.00195558239363,1.00054905361985,1.00043546942731,1.00037871459271,1.00034014017795,0.999829820093964,0.998855752984076,0.998816652052894,1.00012929581497,1.00063708689167,0.999135884904877,1.0006553399102,0.999214878132975,0.999167716820913,0.999858053215022,1.00056508690533,0.999556181880086,1.00118350027592,0.999982093335021,0.999151393880255,0.99962505751897,1.0001090797198,0.999171388669206,0.999457352376886,0.999837549167981,0.999964269189215,0.999379741523126,1.00114465477931,1.00076380096567,0.999296135717411,1.00349146456053,0.99900548767771,0.999138048523125,1.00014331098442,0.999653484481068,1.00059386463135,0.999700409866809,0.999422073600773,0.998800885615818,1.00006142713576,0.999132943084868,0.999336627299883,0.999382930141247,1.00133389941255,0.999885669966995,0.999753309085963,0.999376292922616,1.00015582247041,0.999421631961626,1.00055430894918,0.999580511574993,0.99890850572867
5830,0.999710505982449,1.00240703398003,1.00022182542494,1.00119624548193,1.00105163611367,0.999533100912343,1.00238206659663,1.0041845127207,1.00036013511943,0.999649139038847,0.998857683254488,1.00044121166915,0.999638141820297,0.999214312611903,0.998843059735254,0.999008032444901,0.999605568233746,1.00056862687729,0.999327122601065,1.00105484691212,0.999029522404243,0.998767485549413,0.999093681743551,0.99985857787737,0.998782721327593,1.00107991417627,1.00004391994004,0.999242970967783,0.999765893005898,1.00034733129018,0.998804224659981,0.998810371343071,0.998913281232928,0.999858136222558,0.999660925175938,1.00083884813911,0.999806831578663,0.999535136977052,1.00205849445783,0.99875452120245,0.998583682916021,1.00031498844863,0.999662317210784,0.999913655598764,0.998845409240966,0.99969907625202,0.998796471219778,0.999172464155005,0.998848281466452,0.999009252037341,0.998741547212736,1.00015263840206,0.999038098297697,0.999418591398783,0.999041494472343,1.00053998988826,0.999616021462631,0.999756832733047,0.99927940721086,0.998942799123391
6020,0.999991257576185,1.00453887596461,1.00017076539694,1.00162290738353,1.00102564695852,0.999158824943069,1.00304752176772,1.00772948477613,1.00033419387659,1.00009954811101,0.999553327670043,1.00027874683535,0.999929479778715,0.999333299609701,0.999151206921148,0.999397610508567,0.999785857243212,0.999987801301569,0.999386437373772,1.00056628924646,0.999126336690084,0.99900394485709,0.999317937149026,0.999651900045514,0.998984714456434,1.00085970515829,1.00003704166323,0.999290131453372,0.999742470854511,0.999816158249214,0.998982358372673,0.999004137449078,0.999035680118534,0.999479639967147,0.999826451239806,1.00081689527847,1.00025145920023,0.9996591120084,1.00080976630176,0.998906928981475,0.998776748414879,1.00023879204359,0.999630481848214,1.00013835167669,0.99901804277202,0.999556625148958,0.99903004379258,0.999463390551006,0.999068385471464,0.999207513453217,0.998897399516973,1.00077218743423,0.999280087054308,0.999556598411785,0.99899547259093,0.999903364592967,0.999486616039107,1.00016841057712,0.999357928296614,0.999097087397053
6210,0.999842967795702,1.00580133860124,0.999608249162014,1.00282310222736,1.00126158795015,0.998904360403872,1.00035518185486,1.00798930406385,0.999781990278791,0.999786944610961,0.999059392361344,1.0002836702211,0.999488436868729,0.999430035587482,0.999489758921684,0.999626763794445,0.999606575144622,1.00128938519006,0.999988861476248,1.00076941325177,0.999549214958334,0.999212448821569,0.999227360249662,1.0007437997753,0.999294637486694,1.00029375527339,1.00004351387036,0.999951392797695,1.00001140640863,1.00073359802786,0.999207062123394,0.999020426267454,0.999016956740927,1.00031618657523,0.999890353612732,1.00019962985983,0.999460465237305,0.999867079219115,1.00101192902238,0.999485347080193,0.999013214409385,1.00021319625297,0.999953900498418,0.999598611677977,0.999177135714274,1.00032338449435,0.999466122348404,0.999464999872345,0.999303408509247,0.999276463426845,0.999080533731744,0.999799611356255,0.99906682391928,0.999596202262141,0.999917216850134,1.00092546291883,1.00023888977938,0.999889853607981,0.999611214202444,0.999665882830191
6400,0.999839456687737,1.00615219047582,0.999622143797843,1.0034323323192,1.00071719277927,0.999083502123028,1.00031754350086,1.00631325765233,0.999823045071133,0.999859394777027,0.999214920680453,1.00016010824398,0.999570229782654,0.999704114352076,0.999639586286794,0.999647819741155,0.999720362411259,1.001775542428,1.00011619671635,1.00056892256084,0.999859320092976,0.999455561730349,0.999482575689021,1.00152204752449,0.999740865186247,1.00005009814469,1.00000635493767,1.00013599608933,0.99998290036304,1.00085543260847,0.999514257689329,0.999325483841418,0.999329920621647,1.00067483146083,0.999781092782245,1.00002525876146,0.999441273511029,0.99985694556504,1.0017572445014,0.999848051435585,0.999373593745527,1.00007473689762,1.00005137141315,0.99959016532352,0.999546773262967,1.00042775947883,0.999694630658752,0.999737329965398,0.999593656964654,0.999496948234201,0.999443871227476,0.999574779867644,0.999305152385488,0.999755963704006,1.00042343500217,1.00109010111821,1.00037789667864,0.999935528087253,0.999854262792741,0.999904823145732
6590,1.0003745447917,1.00737030939504,0.999529829628464,1.00277016801083,1.00077611097205,0.998877392851808,1.00020664755664,1.00552231319262,0.999447871012082,0.999613469231262,0.99888488053596,0.999970708896187,0.999445792950928,0.999553777539131,0.999537419436158,0.999627567414173,0.999583764424168,1.00136440773712,0.999990068706698,1.00059306289813,0.999657201077684,0.999317201077502,0.9992965226518,1.00096030844355,0.999370647099009,1.00006194835832,0.999933573482672,0.999975833797349,0.999954231649404,1.00083687493221,0.999387980626872,0.999181442351533,0.99907693748642,1.0006582327897,0.999748760400237,0.999973024936601,0.999293641043651,0.999819327853401,1.00088734341795,0.999658587306666,0.999191275307497,1.00005229179008,0.999972345028006,0.999518368562963,0.999219222950088,1.00029220146039,0.999582222891166,0.999366231056138,0.999451677280085,0.999413680059461,0.999231666417041,0.999413975614315,0.999130723190091,0.99963428593749,1.00005741288023,1.00098513125586,1.00022400176142,0.999717583237353,0.999689242604123,0.999757698610792
6780,1.00080052757672,1.00745807115789,0.999769559104261,1.00300005415342,1.00133947945768,0.99923821870682,0.999697666396533,1.00581222998584,0.999133397440297,0.999319729394098,0.999142030026761,0.999405949001687,0.999381300161564,0.999212979083139,0.999485359431646,0.999840885650685,0.999381769102252,1.0005256716818,0.999629010457484,1.00018445341884,0.999342669729422,0.999388800748,0.999196052249219,1.00005757588857,0.999096126865211,0.999890294177362,0.999705365193523,0.999549947476957,0.999719720970906,1.00024607446991,0.999304292773764,0.999316986525178,0.999112005949028,1.00000500159371,0.999928527784872,0.999723097807735,0.999408462006337,0.999771178053723,0.999791823064016,0.999284528375823,0.999124461901045,0.999867267158726,0.999609837737487,0.999404382266691,0.999069662676837,0.99979522120628,0.99941387476373,0.9991671518885,0.999433895861553,0.999430454547633,0.999177895037426,0.999260794474386,0.999272023406,0.999407365989288,0.999407477574181,1.00033979635731,0.999713354690875,0.99936159295609,0.999353442132995,0.999425232328861
6970,1.00013166113109,1.00927340978144,1.00008924920563,1.00304864281686,1.001182862664,1.00005331379669,0.999892472417518,1.0078060098981,0.999046293041966,0.999371141833475,0.999279941748036,0.999626154174409,0.999502823160712,0.999243404699727,0.999594825688884,1.00002054494468,0.999458196915809,1.00060368894349,0.999525628606471,1.00017764421996,0.999409570343726,0.999677756555169,0.999358319171285,1.00016294873341,0.999166236774745,0.999944122635051,0.999705638187239,0.999435733813409,0.999673319164142,1.00013621111238,0.999430616022387,0.999608509880793,0.999403915237189,0.99997529984124,0.999977339625357,0.999817073903238,0.999648797915438,0.99977740533953,0.999796801513734,0.999265692986821,0.999361150093967,0.999878813337725,0.999586132278545,0.999537982683329,0.999200061043448,0.999661640414791,0.999441915842804,0.999188435600456,0.999581615255513,0.999577999868026,0.999400904490242,0.999387546563411,0.999546734211116,0.999479373948738,0.999378544009926,1.00026657944815,0.999595378389396,0.999397185302159,0.999405668035065,0.999387472218924
7160,0.999819535550456,1.00780653246882,1.00040041294871,1.00268869985796,1.0011074264434,0.999669964263294,1.00007283950138,1.00596464903062,0.999101563611237,0.999428576569273,0.999220619778145,0.999344976442564,0.999369339973578,0.999218123914845,0.999450461012708,0.999816241771468,0.999362810005898,1.00048479738296,0.999473365524965,0.999979794900041,0.999330078486237,0.999450523734125,0.999285656410407,1.0001176134984,0.999134051338789,0.999777605658146,0.999548829855827,0.999373102366032,0.999530771230086,1.00007296092712,0.999282950598215,0.999386965855369,0.999223423575314,1.00002556645573,0.999822826364091,0.999696154280305,0.999522421067975,0.999637030705041,1.0001990243047,0.999196319828829,0.999187368838635,0.999710365761102,0.999473383436975,0.999455682891305,0.999088473241801,0.999631868906345,0.999306982319097,0.99923266708194,0.999386179205216,0.999384791667472,0.999214462946878,0.999446322997211,0.999373458598667,0.999355274108232,0.999350310320948,1.0002050855331,0.999568852473388,0.999467769405668,0.999337089600092,0.999295092407876
7350,0.999838842823828,1.00814700166683,0.999992413066598,1.00247693668935,1.00136659033751,0.999657939199408,0.999558578134643,1.00602393155322,0.999205454070544,0.999253911520008,0.999549375740143,0.999478134683215,0.9994363313375,0.999335004048424,0.999705165483372,1.00002158089326,0.999466666651088,1.00110797523627,0.999902283675817,1.00031702932186,0.999537502910136,0.999555481509506,0.999365225391894,1.00052994411778,0.999058435138103,0.999927446903437,0.999802767684305,0.999789780530218,0.999878737571891,1.00076015194163,0.999480592343432,0.999518026076312,0.999294367412453,1.000691810702,1.00012854335325,0.999736463584212,0.9995292518948,0.999944500644771,1.0000748053246,0.999534068768612,0.999319771907169,0.999974733972273,0.999796671077594,0.999515800498999,0.999086169746292,1.00015276319388,0.999576661102408,0.999070327467048,0.999558546069689,0.999582716218855,0.999311439173816,0.999260585514045,0.999484566752171,0.99950929835615,0.999755606777899,1.00092069914007,1.00009362676735,0.999291800769126,0.999502775771194,0.999612274943163
7540,1.00024615632799,1.00619489182036,0.999144494051691,1.00206866069082,1.00177549702217,0.999526816922155,1.00003363644562,1.0070103242434,0.99912432310746,0.999576451246942,0.999558779210912,0.999686474703085,0.99976824116687,0.99963102418716,0.999951798694334,1.00012188888944,0.999819685966777,1.0010913727547,1.00025656924402,1.00087978710009,0.999878367448381,0.999464932911189,0.999543348761773,1.00065675056512,0.999308141560937,1.00058348659605,1.00026356743494,1.00010210953471,1.00036712184367,1.00116566631261,0.999706919064484,0.999572413137828,0.999339539384244,1.00108018608308,1.00055806432331,1.00034877588309,0.999856578667174,1.00034858578614,1.00045198979583,0.999830985068151,0.999395382296314,1.00058053183914,1.00025212671646,0.999911307943661,0.999218011366535,1.00051108854138,0.999753754614229,0.999316256653964,0.99964611127296,0.999798324860498,0.999407535463167,0.9996483722034,0.999580860133804,0.999884625388675,1.00003771190539,1.00114825229239,1.00043825802512,0.999635546544261,0.99986114440539,0.999884606351395
7730,1.00031123674563,1.00690505197363,0.999328135403546,1.00237148407807,1.00068633687661,0.999288052260386,0.99999219481781,1.00686618303371,0.999545871989433,0.999473527240302,0.999364001505959,0.999630931741042,0.99937302765625,0.999449444094893,0.999391855436344,0.999412462703309,0.999472847968949,1.00096318820334,0.999774154461683,1.00043725346675,0.999518651585201,0.999063547539954,0.999300416543299,1.00068404719685,0.999314756161429,1.0000732407349,0.99974121624813,0.999674235281529,0.999832448279285,1.00073434771816,0.999316396519155,0.999179003811547,0.99915602683235,1.0006937146968,0.999790970998543,0.999893930776069,0.999423853464527,0.999694715378461,1.00018902473108,0.999504382994784,0.99911242860763,0.999992208115213,0.999828850024868,0.999514829548772,0.999166230630724,1.00004993983102,0.999301638435528,0.999408646668599,0.999198654267546,0.999324277287982,0.999138744039274,0.999436815925111,0.999259912711527,0.999511666517991,0.999885732563749,1.00076069383401,1.00003009776621,0.999529676217727,0.999556620912142,0.999467651266394
7920,1.00055953840214,1.00585611246278,0.999218304333458,1.00262880644082,1.00003996038138,0.999885996449154,1.000484061488,1.00467883544672,0.999980786120105,0.99915287422697,0.998941794264849,0.999293593608883,0.998936891601503,0.99919786087724,0.999018193603443,0.999057800866259,0.999115273520977,1.00127550720162,0.999328554883187,1.00037970367689,0.999117907787151,0.999085826694489,0.998935224654796,1.0007818487634,0.999087419556449,0.999847970971687,0.99931122522546,0.999277192863324,0.999360681714188,1.00057846909898,0.998957677689904,0.998945132384498,0.99905324023236,1.00056689489117,0.999128177800076,0.999630869038088,0.998870271479167,0.999129554036529,0.999860770154424,0.999167847218622,0.99906093265579,0.999490782929637,0.999421343473315,0.999096048729052,0.999028758252564,0.999653196802151,0.999011149299696,0.999183518335449,0.998918280196452,0.998910085236826,0.998953603411355,0.999068966628633,0.998904309493252,0.999125469165699,0.999642237832054,1.00071938398321,0.999658092417037,0.999262176707172,0.999198876422164,0.999097227404185
8110,1.00106005665313,1.00470004357872,0.999099229235854,1.00186669509898,1.00035099363266,1.00041806490511,1.00135130944336,1.00396438472767,0.99989222939676,0.999174249499231,0.999109902747253,0.999186802766004,0.999218733160094,0.999243993376133,0.999507952788437,0.999686622776279,0.99928533563314,1.00080241606291,0.999536517852781,1.00035328356544,0.999326427980384,0.999708991220487,0.999158830977735,1.00022049201286,0.99914112859452,0.999962459341078,0.999531739305584,0.999485738351222,0.999544973419186,1.00039040765624,0.999344406711337,0.999449777418259,0.999372176610019,1.00032049669739,0.999530489087896,0.999771727597582,0.999204082952034,0.999499919510421,0.999607110134238,0.999368764478657,0.99950397332634,0.999672406786135,0.999570319639859,0.999302329201204,0.999205964412468,0.999718566858602,0.999435628647117,0.99906107058064,0.999446156685346,0.999323856501907,0.999345679845749,0.999172652763002,0.999255617623182,0.99931808500232,0.999541419919377,1.00053306265303,0.999707901445392,0.999255189413506,0.999333506341804,0.999409825910599
8300,1.00030916423608,1.00376834498077,0.999658616565883,1.00167575246641,1.00096470186347,1.00010087077703,1.00112549705617,1.00352115658866,0.999777976890212,0.999100829810432,0.999000031990023,0.999191421916605,0.999193122518168,0.999133918011129,0.99982788228023,1.00008204368951,0.999191912005613,1.00060471183451,0.999773447208452,1.00011130207284,0.999373315018538,1.00000352449716,0.999205208132923,1.00004915967574,0.999213749693975,0.999631179336871,0.999507319674675,0.999715871809102,0.999589805929243,1.00043271334781,0.999525704858775,0.999681030226718,0.999502167054594,1.00023853789368,0.999741138850676,0.999436775351091,0.999199496713469,0.999672779354615,0.999613347339624,0.99954457120867,0.999727930464886,0.999622865987759,0.999547660951861,0.999152887494374,0.99931020995289,0.99990384078082,0.999721674379552,0.999123943198714,0.999729498428015,0.999513978572643,0.999538783780825,0.999076921747159,0.999394431073283,0.999271070645953,0.99958209439734,1.00053404770397,0.99986735748866,0.999099237441816,0.999289750741854,0.99966685128322
8490,1.00142102930128,1.00489636372553,1.00034838180875,1.00183850215062,1.00072602779428,0.999916766420714,1.00110939327171,1.00484218611676,0.999884145286804,0.998992605296683,0.998990428692933,0.999073553438293,0.999098519025985,0.999019146539513,0.999544986086517,0.999764562392386,0.999064239968397,1.00024312864864,0.999463527747736,0.999816439550398,0.999184696160317,0.999708668679361,0.999077120164077,0.999863075719915,0.999079961003956,0.999496680254963,0.999341005208935,0.999432239147564,0.999370428877972,1.00002013650611,0.999321422987876,0.999492090044775,0.999354547525658,0.999914085179601,0.999537323983916,0.999319021046954,0.999127279576793,0.999450739266161,0.999589464689225,0.999291236616945,0.999495402745226,0.999439208551504,0.999305681329492,0.999039169271188,0.999166779337747,0.999570791578249,0.999448828530128,0.999028153550325,0.999503338748984,0.999339404121037,0.9993637826882,0.999003404492726,0.999252850373626,0.999131559139744,0.999334579803223,1.00010625001075,0.999534403430338,0.998998266707256,0.999125248850297,0.999394513527828
8680,1.00209095820966,1.00278716493875,1.00107434851544,1.0014019342591,1.00094283797363,1.00001100477258,1.0012189025743,1.00505078958415,0.999702993400342,0.999068091475261,0.999265863592954,0.999139947793451,0.999221839757356,0.998996960469225,0.999667095423163,0.999955845947646,0.999105743852587,1.00002104875281,0.999512911565111,0.999705626383311,0.999233374682612,0.999914834635124,0.999159656057904,0.999628625609922,0.99916401229722,0.999462958205217,0.999393337816495,0.999488493123087,0.999372626307901,0.999818106954455,0.999420962025626,0.999644171410163,0.999467347678221,0.999638870289982,0.999645954256614,0.999339254355006,0.999313269075135,0.999547179023941,0.999436756417358,0.999345109752009,0.999633037462103,0.99946903842874,0.9992836489006,0.999106582822071,0.999273500728413,0.999563542735622,0.999565452658537,0.999087187254173,0.99967884453153,0.999455995064103,0.999497289955756,0.999154260210889,0.999374746943925,0.999172929005887,0.999282223320034,0.999926536380591,0.999512368252804,0.999051087644,0.999137974110407,0.999500636326259
8870,1.00274865027324,1.00273526812355,1.00086548003899,1.00202330182457,1.00064096089339,1.00009494922616,1.00124117363442,1.00535008996072,0.999342411528626,0.999251834777821,0.999190184211591,0.999142197730794,0.999387896578577,0.999094458561933,0.999617918338406,0.999884566604265,0.999241533827169,1.0001925850626,0.999447834407744,0.999817910501424,0.99927785525343,0.999922738002196,0.999309949090314,0.99972867231399,0.999282254443978,0.999640250042635,0.999461265274823,0.999435224934573,0.999400247529483,0.999848113084167,0.999468341620753,0.999735371793939,0.999601610763983,0.99968084459448,0.999652252925019,0.999530313398242,0.999524205764788,0.999537533783162,0.99988105008237,0.999310242212258,0.999641153319051,0.999533032276436,0.999318829250084,0.999294763843094,0.99939493193209,0.999513435868859,0.999505045553104,0.99922899433327,0.999714747979435,0.999540771634558,0.999584730399358,0.999342324392107,0.999533542578255,0.999270545872246,0.999295839253242,0.999987071796891,0.99947682272017,0.999235184741346,0.999223320337495,0.999452289967648
9060,1.00245266740149,1.00273851716143,1.00049117452272,1.00292717145036,1.00059586876695,0.99984405420521,1.00099367751564,1.00584643631802,0.999531747184215,0.999229883463052,0.999235336870023,0.999120833478388,0.999278840698736,0.999219172971651,0.999690816378458,0.999875409064013,0.999268023576002,1.00058307661301,0.999627264725708,0.999901178549465,0.999412918581154,0.999897347907502,0.999307010775284,1.00006340654694,0.999399750850887,0.999560155306574,0.999513605061018,0.99966095704132,0.999503355956689,1.00005055209157,0.999520265492589,0.99966920194763,0.999528116333429,0.99981669364409,0.999639522445107,0.999454010468338,0.999272788288894,0.999588639292914,1.00006106154038,0.999508332550171,0.999700924653781,0.999551322980921,0.999456610057517,0.999237369936225,0.999419911968873,0.999760269077707,0.999614875927989,0.999312469672036,0.999703443080002,0.999534328520363,0.999581041827886,0.99916391750663,0.99943373961144,0.999344343226274,0.999640165152724,1.00029027104081,0.999738822857671,0.999238633328896,0.999351214368575,0.999630848368067
9250,1.00166527194593,1.00292019369621,1.00024462145238,1.00254779816623,1.0003421028559,0.999691568162015,1.00109648297321,1.00495685359173,0.999438672256658,0.999650738885456,0.999522926346515,0.999449111599045,0.999678012085791,0.999575799116009,0.9999290004633,1.00000668603898,0.99969182876163,1.00082281698544,0.999958978676066,1.0002206213035,0.999811967951465,1.00007777779047,0.999670294141136,1.00030349844939,0.999763323394475,0.999906543431681,0.999907804244476,1.00000825644961,0.999864390560338,1.00031704437461,0.999858248305201,0.99991447929593,0.999764419512579,1.00010147074478,0.999875995989868,0.999856018298021,0.999666380502382,0.999889659715906,1.00059500904308,0.999849926319968,0.999926225583621,0.999901294610004,0.999869480111179,0.999638232704924,0.999735027599731,1.00009385037266,0.999888832987654,0.999634969127287,0.999987712798089,0.999848446446831,0.999870829828855,0.999553762210023,0.999737267650389,0.999747669772432,1.00004373603377,1.00054712772604,1.00009379160294,0.999650367925363,0.999770323817171,0.999964459446591
9440,1.00152481182457,1.00175508279206,0.999677813184235,1.00120538710146,1.000542266982,0.999713840151171,1.00112511558929,1.00350742023224,0.99965466534995,0.999537033104044,0.999742609143801,0.999639670337686,0.99956314697562,0.999585837482704,1.0001154736819,1.00022420747521,0.999642970359716,1.0006694273011,1.00011164606125,1.00022954354219,0.999834362894178,1.00019035441826,0.999620983771044,1.0002074672043,0.999678061840563,0.999826698970128,0.999895398061293,1.00011797863508,0.999973471912146,1.00046751691866,0.99990639891877,0.999909437358366,0.999740728538814,1.00032958231821,1.00002016428388,0.999727359122956,0.999499794477398,1.00000015364919,1.00069373811575,0.999959875650053,1.0000169607337,0.999920982244953,0.999941530247796,0.999549837616197,0.999679259080937,1.00020980984175,1.00004331958836,0.999554908788699,1.00002466887367,0.999869386339458,0.999854806067514,0.999432621313417,0.999675454066955,0.999722801232336,1.0000028917934,1.00060803487727,1.00020846431514,0.999527868533034,0.999757743036718,1.00007716040697
9630,1.00100721474273,1.00172000633337,0.999769623577262,1.00110868107205,1.00023951657307,0.999672974258004,1.00144924686415,1.00410994965101,0.999948291225604,0.99952620680629,0.999800354913484,0.999593808907986,0.999462061192928,0.999528381668222,0.999973477684029,1.00007577494469,0.999528253396173,1.00033259445488,0.999914129797186,0.999908154355399,0.999700717927185,1.00008163165374,0.999544608788643,0.999896678043009,0.999698575098422,0.999566373815191,0.999686924095706,0.999940054893136,0.999747774952896,1.00014085498657,0.999794015614437,0.999809530156811,0.999692559684499,1.0000269255756,0.999789888187961,0.999518512652904,0.999377103395041,0.999791932136936,1.0007576802074,0.999819175007419,0.999935662636447,0.999669655347191,0.999725203056414,0.99942358878067,0.999682178295673,0.999961048167089,0.999911287211114,0.999616320585969,0.999920909973229,0.999740005708796,0.999790641984437,0.999387989183426,0.999587979436464,0.999597854287073,0.999825403164086,1.00025244064109,0.999959135513657,0.999497532285459,0.999626043737411,0.999933243562218
9820,1.00083539987066,1.00246169793577,1.00004595518129,1.00149488856907,1.00021984086108,0.999668748223817,1.0010679570006,1.0047580199991,0.999771680914125,0.99946494695523,0.999575417526818,0.999526493118838,0.999333481495105,0.99942263635289,0.999712668546803,0.999805720856368,0.999389290292445,1.00031659253483,0.999739320394074,0.999789280025249,0.999481062367668,0.999773891349236,0.99937452634854,0.999912700135344,0.999496951503423,0.999457196950166,0.999511574653939,0.999745138452955,0.999573386384872,1.00008121471904,0.999530000676253,0.999542898056649,0.99947318242975,1.00002210210574,0.999600247673693,0.999409955484248,0.999290170771913,0.99958353384325,1.00069855504895,0.999601930392507,0.999633231930147,0.999519021820467,0.99955993246788,0.999332757452676,0.999477854358492,0.999833774955451,0.999656745999302,0.999505719471231,0.999631806816204,0.999496807419051,0.999510407564184,0.999385764750324,0.999401146101152,0.999439152973834,0.999705822374592,1.00018785792175,0.999830017806416,0.99944857248135,0.999443381445911,0.999700426520318
10000,1.00148268339141,1.00162061702296,1.00020562116512,1.00102801793747,1.00016434418615,0.999668284343027,1.0007301800947,1.0039908178885,1.00000420987568,0.999640627866551,0.999602257890633,0.999859495752442,0.999458985835,0.999493442149956,0.999706489514306,0.999746762249436,0.999471454438099,1.00029296482615,0.999740417701912,0.999805456343599,0.999520607235982,0.999835754175962,0.999511602713124,0.999885394357595,0.999706372463682,0.999514328553269,0.999520893630502,0.999748694907364,0.999558764507738,1.00014095456342,0.999601587045954,0.999627065163855,0.999648826238399,1.00014286788989,0.999579467168374,0.99946177546665,0.999437261076467,0.9995645147036,1.00091831473148,0.999626125801705,0.999727087404683,0.999516588683932,0.999557072695541,0.999440794700978,0.999699732352182,0.999820687801202,0.999687269265939,0.999755489670794,0.999701809192928,0.999548178606285,0.999651203430358,0.999559539449429,0.999539721003353,0.999504338139591,0.999751308213033,1.00022917028746,0.999832482551923,0.999580104059289,0.999486618902368,0.999733252940938
